{"projectId":"78ccc321-0c2e-11ec-adfc-0293a5908ec5","ensembleId":"b2dbfc8d-da19-11ed-844f-a22f5482ff50","ensembleVersion":11,"architecture":{"id":"84c0789e-eda4-11ec-9cc4-63ce21de9d8c","name":"3 Independent Classifiers","structure":[{"modelTypeName":"Classifier","modelName":"Environments","modelTypeId":"83c31f20-0c07-11ec-8dc8-0fa1195bae6f","modelId":"59d21f5f-0c38-11ec-9729-868b04db5d71","datasetId":"24fb27ca-d9ad-11ed-ae4b-1eb24b92c8a7","trainingRunId":"3ef83737-d9ad-11ed-844f-a22f5482ff50","filename":"78ccc321_Classifier_stage-1_iOS_11.passiosecure","stage":1},{"modelTypeName":"Classifier","modelName":"Surface Materials","modelTypeId":"83c31f20-0c07-11ec-8dc8-0fa1195bae6f","modelId":"bb86c45d-0c38-11ec-a61a-a23b29691511","datasetId":"62d5da94-d9ad-11ed-844f-a22f5482ff50","trainingRunId":"76f51396-d9ad-11ed-98f2-72b20f5a25e3","filename":"78ccc321_Classifier_stage-2_iOS_11.passiosecure","stage":2},{"modelTypeName":"Classifier","modelName":"Surface Abnormalities","modelTypeId":"83c31f20-0c07-11ec-8dc8-0fa1195bae6f","modelId":"5856a19c-0c39-11ec-9729-868b04db5d71","datasetId":"8513cd38-d9ad-11ed-8d61-d257af01c9c1","trainingRunId":"a510aae8-d9ad-11ed-8d61-d257af01c9c1","filename":"78ccc321_Classifier_stage-3_iOS_11.passiosecure","stage":3}]},"labelMetadata":{"1000086":{"labelId":"8b9a9e18-a9b4-11eb-b0ff-6ae3b13b976e","path":"HOM0001.ABN0001.ABN0002.ABN0034.1000086","displayName":"regular joints","description":"فواصل عادية~Regular joints, ceramic joints, cement board joints..etc","synonyms":{"ar":[{"synonymId":"9fe493ae-a9b4-11eb-8af2-4ad1d72eeb36","synonym":"فواصل عادية"}],"en":[{"synonymId":"8b9b33aa-a9b4-11eb-a697-0788ff2d2e1f","synonym":"regular joints"}]},"models":["5856a19c-0c39-11ec-9729-868b04db5d71"]},"1000320":{"labelId":"511d699a-bf23-11eb-b9bd-6e0dd13768c4","path":"HOM0001.MAT0001.MAT0008.1000821.1000320","displayName":"plain steel surface","description":"سطح حديدي عادي~Plain steel surface.","synonyms":{"ar":[{"synonymId":"9bcaae47-bfa5-11eb-bed2-c288578da324","synonym":"سطح حديدي عادي"}],"en":[{"synonymId":"511e0250-bf23-11eb-a046-3b0c7c179ab2","synonym":"plain steel surface"}]},"models":["bb86c45d-0c38-11ec-a61a-a23b29691511"]},"1000321":{"labelId":"7c1f5969-bf23-11eb-bde6-127532764c7e","path":"HOM0001.ENV0001.1000321","displayName":"plain steel object","description":"أشياء حديدية عادية~Object made out of steel.","synonyms":{"ar":[{"synonymId":"ca8ebaef-bfa5-11eb-bed2-c288578da324","synonym":"أشياء حديدية عادية"}],"en":[{"synonymId":"7c1ff4b8-bf23-11eb-8f18-0f39c51ee84e","synonym":"plain steel object"}]},"models":["59d21f5f-0c38-11ec-9729-868b04db5d71"]},"1000651":{"labelId":"c3705380-ee58-11eb-a29b-82df03f5d6fc","path":"HOM0001.ABN0001.ABN0002.1000651","displayName":"loose layers","description":"الطبقات الضعيفة~Broken/loose paint layers. Separation of paint coat.","synonyms":{"ar":[{"synonymId":"e4c81aa0-ee58-11eb-8cd9-5ea17c5ad6e6","synonym":"الطبقات الضعيفة"}],"en":[{"synonymId":"c370cd1a-ee58-11eb-82fc-1f23350c37cd","synonym":"loose layers"}]},"models":["5856a19c-0c39-11ec-9729-868b04db5d71"]},"1000669":{"labelId":"28afc490-f3a5-11eb-b5c9-e26d0762aec9","path":"HOM0001.ABN0001.ABN0003.1000669","displayName":"moisture damage","description":"عيوب تتعلق بالرطوبة~Moisture related abnormalities.","synonyms":{"ar":[{"synonymId":"0ac6fd6c-f3b7-11eb-9315-8e65377ac851","synonym":"عيوب تتعلق بالرطوبة"}],"en":[{"synonymId":"28b03be2-f3a5-11eb-a964-17495702b972","synonym":"moisture damage"}]},"models":["5856a19c-0c39-11ec-9729-868b04db5d71"]},"1000720":{"labelId":"77b578fe-0501-11ec-a126-06600f4ab9f4","path":"HOM0001.ABN0001.ABN0002.ABN0038.1000720","displayName":"damage area cracks","description":"منطقة متهالكة كشقوق~Cracks to be treated by constructions only.","synonyms":{"ar":[{"synonymId":"f381b600-050c-11ec-a168-96ac093f7000","synonym":"منطقة متهالكة كشقوق"}],"en":[{"synonymId":"77b6153c-0501-11ec-8ef6-df43856b5f10","synonym":"damage area cracks"}]},"models":["5856a19c-0c39-11ec-9729-868b04db5d71"]},"1000721":{"labelId":"bf27c389-0501-11ec-a126-06600f4ab9f4","path":"HOM0001.ABN0001.ABN0002.ABN0038.1000721","displayName":"damage area loose layers","description":"منطقة متهالكة كالطبقات الضعيفة~Flaking and delamination to be treated by constructions only.","synonyms":{"ar":[{"synonymId":"52453cdb-050d-11ec-aaa5-9eaaa04892be","synonym":"منطقة متهالكة كالطبقات الضعيفة"}],"en":[{"synonymId":"bf28948a-0501-11ec-af8b-d7f19c67e755","synonym":"damage area loose layers"}]},"models":["5856a19c-0c39-11ec-9729-868b04db5d71"]},"1000819":{"labelId":"22b68e38-1242-11ec-9bfb-42118785b1e2","path":"HOM0001.MAT0001.1000735.1000819","displayName":"plain painted architectural surface materials","description":"مواد سطح معماري عادي مطلي~plain painted/colored architectural surface materials.","synonyms":{"ar":[{"synonymId":"067f4cc3-1262-11ec-a8f4-56c858c399ed","synonym":"مواد سطح معماري عادي مطلي"}],"en":[{"synonymId":"22b7265e-1242-11ec-856d-a799222b45c6","synonym":"plain painted architectural surface materials"}]},"models":["bb86c45d-0c38-11ec-a61a-a23b29691511"]},"1000820":{"labelId":"c6727923-1242-11ec-9bfb-42118785b1e2","path":"HOM0001.MAT0001.1000735.1000820","displayName":"plain unpainted architectural surface materials","description":"مواد سطح معماري عادي غير مطلي~plain unpainted/uncolored architectural surface materials.","synonyms":{"ar":[{"synonymId":"1d77e940-1262-11ec-9715-1edc17ddd191","synonym":"مواد سطح معماري عادي غير مطلي"}],"en":[{"synonymId":"c673001a-1242-11ec-a462-77b4f364cb95","synonym":"plain unpainted architectural surface materials"}]},"models":["bb86c45d-0c38-11ec-a61a-a23b29691511"]},"1002933":{"labelId":"fed03743-b5af-11ec-84d8-c27d99a712fe","path":"HOM0001.ENV0001.ENV0002.1002933","displayName":"empty room","description":"غرفة فارغة~Empty room is a vacant or unoccupied room without any furniture.","synonyms":{"ar":[{"synonymId":"6cf1f930-b5ba-11ec-84d8-c27d99a712fe","synonym":"غرفة فارغة"}],"en":[{"synonymId":"fed0d5b6-b5af-11ec-8269-0fa4477c2366","synonym":"empty room"}]},"models":["59d21f5f-0c38-11ec-9729-868b04db5d71"]},"ABN0007":{"labelId":"d6d561d6-fe76-11ea-b1f0-eba6dd7b50bc","path":"HOM0001.ABN0001.ABN0003.ABN0007","displayName":"oil or grease","description":"زيوت أو شحوم~Oil or grease stain.","synonyms":{"ar":[{"synonymId":"03d80206-7dd9-11eb-81a6-33181c3b2edf","synonym":"زيوت أو شحوم"}],"en":[{"synonymId":"7566a510-7dd6-11eb-8ccb-53ec4ae92d1d","synonym":"oil or grease"}]},"models":["5856a19c-0c39-11ec-9729-868b04db5d71"]},"ABN0013":{"labelId":"1291f220-fe77-11ea-8801-5b534403a6a0","path":"HOM0001.ABN0001.ABN0002.ABN0013","displayName":"cracks","description":"شقوق~","synonyms":{"ar":[{"synonymId":"03e043b2-7dd9-11eb-81a6-f3967329b795","synonym":"شقوق"}],"en":[{"synonymId":"76304f32-7dd6-11eb-8ccb-af689464caeb","synonym":"cracks"}]},"models":["5856a19c-0c39-11ec-9729-868b04db5d71"]},"ABN0019":{"labelId":"34183ff8-fe77-11ea-b907-dff0d47b3252","path":"HOM0001.ABN0001.ABN0002.ABN0019","displayName":"uneven wall surface","description":"سطح غير مستوٍ~Uneven wall surface - bad finish - not alligned finish","synonyms":{"ar":[{"synonymId":"03d3240c-7dd9-11eb-81a6-a3ca11d8a19f","synonym":"سطح غير مستوٍ"}],"en":[{"synonymId":"74cb2cb6-7dd6-11eb-8ccb-3f73f965b204","synonym":"uneven wall surface"}]},"models":["5856a19c-0c39-11ec-9729-868b04db5d71"]},"ABN0020":{"labelId":"38190bb4-fe77-11ea-b907-03ed45bcc57c","path":"HOM0001.ABN0001.ABN0002.ABN0020","displayName":"holes","description":"ثقوب~Holes in the wall - small holes that can be treated by fillers, concrt, cement, breaks, bloc, not in pavement, not bloc","synonyms":{"ar":[{"synonymId":"ff64dac0-add0-11eb-a3db-8a54aa09dfc3","synonym":"ثقوب"}],"en":[{"synonymId":"7bf65c40-7dd6-11eb-8ccb-6fae2d257481","synonym":"holes"}]},"models":["5856a19c-0c39-11ec-9729-868b04db5d71"]},"ABN0025":{"labelId":"52676a74-fe77-11ea-ba1e-c73db5fde2d0","path":"HOM0001.ABN0001.ABN0002.ABN0025","displayName":"sagging","description":"تسييل في طبقة الدهان~Saggy wall paint. Drops of paint in wall as in bleeding wall.","synonyms":{"ar":[{"synonymId":"03d4eeea-7dd9-11eb-81a6-5f7ecaa7027b","synonym":"تسييل في طبقة الدهان"}],"en":[{"synonymId":"7510fa84-7dd6-11eb-8ccb-efa7d4792150","synonym":"sagging"}]},"models":["5856a19c-0c39-11ec-9729-868b04db5d71"]},"ABN0029":{"labelId":"6b1a1670-fe77-11ea-a6be-63b379f696f0","path":"HOM0001.ABN0001.ABN0002.ABN0029","displayName":"removing sticker","description":"ازالة الملصقات~Sticker remove marks.","synonyms":{"ar":[{"synonymId":"03dccbce-7dd9-11eb-81a6-372403452763","synonym":"ازالة الملصقات"}],"en":[{"synonymId":"75c26e9a-7dd6-11eb-8ccb-3f1991cc7380","synonym":"removing sticker"}]},"models":["5856a19c-0c39-11ec-9729-868b04db5d71"]},"ABN0031":{"labelId":"7321f50e-fe77-11ea-99f9-e347d6d4346c","path":"HOM0001.ABN0001.ABN0002.ABN0031","displayName":"graffiti","description":"كتابة~Writing or drawings scribbled, scratched, or sprayed illicitly on a wall or other surface in a public place.","synonyms":{"ar":[{"synonymId":"03f05388-7dd9-11eb-81a6-3b919a393c7f","synonym":"كتابة"}],"en":[{"synonymId":"796dca58-7dd6-11eb-8ccb-9f08f0eeaf23","synonym":"graffiti"}]},"models":["5856a19c-0c39-11ec-9729-868b04db5d71"]},"ABN0032":{"labelId":"768f32e2-fe77-11ea-8ef8-df2e55f7f6e3","path":"HOM0001.ABN0001.ABN0002.ABN0032","displayName":"stain","description":"بقع~Stain marks on wall/concrete/paint","synonyms":{"ar":[{"synonymId":"03d6b054-7dd9-11eb-81a6-3394c3dac6aa","synonym":"بقع"}],"en":[{"synonymId":"754765ce-7dd6-11eb-8ccb-c3df0a5d423d","synonym":"stain"}]},"models":["5856a19c-0c39-11ec-9729-868b04db5d71"]},"ABN0033":{"labelId":"7ba6be3a-fe77-11ea-b60f-87c42def256a","path":"HOM0001.ABN0001.ABN0002.ABN0033","displayName":"change color","description":"تغير اللون~Changing the original color.","synonyms":{"ar":[{"synonymId":"03df5ff6-7dd9-11eb-81a6-031b3a925389","synonym":"تغير اللون"}],"en":[{"synonymId":"7607357a-7dd6-11eb-8ccb-e7190e5a3400","synonym":"change color"}]},"models":["5856a19c-0c39-11ec-9729-868b04db5d71"]},"ABN0036":{"labelId":"8689d260-fe77-11ea-b6da-d7bb081ec91e","path":"HOM0001.ABN0001.ABN0002.ABN0036","displayName":"pitting","description":"تنقير~Cavities or holes in the surface.","synonyms":{"ar":[{"synonymId":"03e8da22-7dd9-11eb-81a6-2b4d9293d76f","synonym":"تنقير"}],"en":[{"synonymId":"773c351c-7dd6-11eb-8ccb-1be1bf72e54c","synonym":"pitting"}]},"models":["5856a19c-0c39-11ec-9729-868b04db5d71"]},"ABN0037":{"labelId":"8a4252ec-fe77-11ea-8b3d-375a36b671de","path":"HOM0001.ABN0001.ABN0002.ABN0037","displayName":"rust","description":"صدأ~A reddish- or yellowish-brown flaky coating of iron oxide that is formed on iron or steel by oxidation, especially in the presence of moisture.","synonyms":{"ar":[{"synonymId":"03f672fe-7dd9-11eb-81a6-ab23a87289bb","synonym":"صدأ"}],"en":[{"synonymId":"7b79b596-7dd6-11eb-8ccb-f7d24ad8818d","synonym":"rust"}]},"models":["5856a19c-0c39-11ec-9729-868b04db5d71"]},"ABN0042":{"labelId":"a2390b98-fe77-11ea-8ef8-1fdd47a5579b","path":"HOM0001.ABN0001.ABN0002.ABN0042","displayName":"abrasion","description":"خدش~Wall/Paint scratches, marks","synonyms":{"ar":[{"synonymId":"03ceb2f0-7dd9-11eb-81a6-bf661b51dd95","synonym":"خدش"}],"en":[{"synonymId":"7363dff8-7dd6-11eb-8ccb-6f382ff98afc","synonym":"abrasion"}]},"models":["5856a19c-0c39-11ec-9729-868b04db5d71"]},"ABN0046":{"labelId":"ba92ff28-fe77-11ea-99f9-eb4aa4afcd4e","path":"HOM0001.ABN0001.ABN0002.ABN0046","displayName":"crazy cracks","description":"تشققات عنكبوتية~cracking wall/paint/pavement","synonyms":{"ar":[{"synonymId":"03d391b2-7dd9-11eb-81a6-57db18877cea","synonym":"تشققات عنكبوتية"}],"en":[{"synonymId":"74d61806-7dd6-11eb-8ccb-6308647fa9ac","synonym":"crazy cracks"}]},"models":["5856a19c-0c39-11ec-9729-868b04db5d71"]},"BKG0001":{"labelId":"77b9a486-8951-11ea-a893-4751ee6c87e0","path":"BKG0001","displayName":"background","description":"images we specifically selected to represent typical background images, project and context dependent. if reviewing data for this label, always filter by project/source","synonyms":{"en":[{"synonymId":"799f0302-7dd6-11eb-8ccb-e7fe46e53428","synonym":"background"}]},"models":["59d21f5f-0c38-11ec-9729-868b04db5d71","bb86c45d-0c38-11ec-a61a-a23b29691511","5856a19c-0c39-11ec-9729-868b04db5d71"]},"ENV0004":{"labelId":"60c77702-fe78-11ea-ac8c-cf34bf97bc6d","path":"HOM0001.ENV0001.ENV0002.ENV0004","displayName":"living room","description":"غرفة المعيشة~A room in a house for general and informal everyday use.","synonyms":{"ar":[{"synonymId":"03efe16e-7dd9-11eb-81a6-3b7d8c3700fd","synonym":"غرفة المعيشة"}],"en":[{"synonymId":"7946403c-7dd6-11eb-8ccb-cb99b290fde8","synonym":"living room"}]},"models":["59d21f5f-0c38-11ec-9729-868b04db5d71"]},"ENV0005":{"labelId":"65a9787e-fe78-11ea-b5ac-57866cc0862a","path":"HOM0001.ENV0001.ENV0002.ENV0005","displayName":"bedroom","description":"غرفة النوم~A room for sleeping in.","synonyms":{"ar":[{"synonymId":"03f2f0fc-7dd9-11eb-81a6-875f88d26cbe","synonym":"غرفة النوم"}],"en":[{"synonymId":"7a86fac2-7dd6-11eb-8ccb-0f118915428d","synonym":"bedroom"}]},"models":["59d21f5f-0c38-11ec-9729-868b04db5d71"]},"ENV0006":{"labelId":"6999521a-fe78-11ea-b5ac-c74c5b09315f","path":"HOM0001.ENV0001.ENV0002.ENV0006","displayName":"dining area","description":"صالة طعام~Indoor dining area only ","synonyms":{"ar":[{"synonymId":"03f36276-7dd9-11eb-81a6-f3c875df3794","synonym":"صالة طعام"}],"en":[{"synonymId":"7a8a5546-7dd6-11eb-8ccb-a7c8b65bd2b6","synonym":"dining area"}]},"models":["59d21f5f-0c38-11ec-9729-868b04db5d71"]},"ENV0007":{"labelId":"6d414134-fe78-11ea-b1da-9bca25ea93e8","path":"HOM0001.ENV0001.ENV0002.ENV0007","displayName":"kids room","description":"غرفة أطفال~kids room","synonyms":{"ar":[{"synonymId":"03d07e8c-7dd9-11eb-81a6-9bcec2a23957","synonym":"غرفة أطفال"}],"en":[{"synonymId":"73cfdf46-7dd6-11eb-8ccb-5fbdbf274a61","synonym":"kids room"}]},"models":["59d21f5f-0c38-11ec-9729-868b04db5d71"]},"ENV0008":{"labelId":"717ce122-fe78-11ea-b1da-1b65e6852265","path":"HOM0001.ENV0001.ENV0002.ENV0008","displayName":"smoking area","description":"منطقة تدخين داخلية~Smoking space only dedicated to smoke.","synonyms":{"ar":[{"synonymId":"03d403f4-7dd9-11eb-81a6-4bd769cd6caa","synonym":"منطقة تدخين داخلية"}],"en":[{"synonymId":"74d8ed56-7dd6-11eb-8ccb-17f1342ab099","synonym":"smoking area"}]},"models":["59d21f5f-0c38-11ec-9729-868b04db5d71"]},"ENV0010":{"labelId":"859a41ea-fe78-11ea-ac8c-4fd03e1351c1","path":"HOM0001.ENV0001.ENV0003.ENV0010","displayName":"balcony","description":"شرفة~Residential/house/building balcony, from inside and outside","synonyms":{"ar":[{"synonymId":"03ef73e6-7dd9-11eb-81a6-3738814d2dac","synonym":"شرفة"}],"en":[{"synonymId":"79416c10-7dd6-11eb-8ccb-77df67b7c293","synonym":"balcony"}]},"models":["59d21f5f-0c38-11ec-9729-868b04db5d71"]},"ENV0011":{"labelId":"89f1608e-fe78-11ea-ac8c-c3a84fb8e270","path":"HOM0001.ENV0001.ENV0002.ENV0011","displayName":"study room","description":"غرفة دراسة~private/public study room","synonyms":{"ar":[{"synonymId":"03d5c5ea-7dd9-11eb-81a6-f3163e18a6a6","synonym":"غرفة دراسة"}],"en":[{"synonymId":"753c2074-7dd6-11eb-8ccb-8724d0cdd234","synonym":"study room"}]},"models":["59d21f5f-0c38-11ec-9729-868b04db5d71"]},"ENV0013":{"labelId":"44832adc-fe87-11ea-b9f8-27e48d21bf10","path":"HOM0001.ENV0001.ENV0002.ENV0013","displayName":"inside stores","description":"مستودعات داخلية~Inside view of the store.","synonyms":{"ar":[{"synonymId":"03e1fde2-7dd9-11eb-81a6-d3a1dbecbf3f","synonym":"مستودعات داخلية"}],"en":[{"synonymId":"767b78fe-7dd6-11eb-8ccb-33079ad8a41a","synonym":"inside stores"}]},"models":["59d21f5f-0c38-11ec-9729-868b04db5d71"]},"ENV0014":{"labelId":"4b501a8c-fe87-11ea-bd5b-5be8b81ac3df","path":"HOM0001.ENV0001.ENV0002.ENV0014","displayName":"offices","description":"مكاتب~A room, set of rooms, or building used as a place for commercial, professional, or bureaucratic work.","synonyms":{"ar":[{"synonymId":"03dbf442-7dd9-11eb-81a6-6715eab60adf","synonym":"مكاتب"}],"en":[{"synonymId":"75b7c76a-7dd6-11eb-8ccb-a74c684d5431","synonym":"offices"}]},"models":["59d21f5f-0c38-11ec-9729-868b04db5d71"]},"ENV0015":{"labelId":"530cf5ec-fe87-11ea-88b7-db19811c8684","path":"HOM0001.ENV0001.ENV0002.ENV0015","displayName":"washroom","description":"الحمام~Bathroom with washing and toilet facilities.","synonyms":{"ar":[{"synonymId":"03de8054-7dd9-11eb-81a6-d74468778083","synonym":"الحمام"}],"en":[{"synonymId":"75fe0dce-7dd6-11eb-8ccb-e330678a04a9","synonym":"washroom"}]},"models":["59d21f5f-0c38-11ec-9729-868b04db5d71"]},"ENV0016":{"labelId":"5e94f0d6-fe87-11ea-afc3-57ccd9ad2e6a","path":"HOM0001.ENV0001.ENV0002.ENV0016","displayName":"utility or laundry area","description":"منطقة غسيل~A dedicated space for washing clothes.","synonyms":{"ar":[{"synonymId":"03d47e38-7dd9-11eb-81a6-e31e2b2680a6","synonym":"منطقة غسيل"}],"en":[{"synonymId":"750f8c44-7dd6-11eb-8ccb-93c2474af703","synonym":"utility or laundry area"}]},"models":["59d21f5f-0c38-11ec-9729-868b04db5d71"]},"ENV0017":{"labelId":"64c318ac-fe87-11ea-b9f8-0fbd5ddacbb9","path":"HOM0001.ENV0001.ENV0002.ENV0017","displayName":"kitchen","description":"مطبخ~Residential/industrial kitchen, cooking area, fridge, ..Kitchen elements in general.","synonyms":{"ar":[{"synonymId":"03f28158-7dd9-11eb-81a6-43e9a7608bee","synonym":"مطبخ"}],"en":[{"synonymId":"7a8687ea-7dd6-11eb-8ccb-1316cfe0ce8a","synonym":"kitchen"}]},"models":["59d21f5f-0c38-11ec-9729-868b04db5d71"]},"ENV0018":{"labelId":"6957c39a-fe87-11ea-96c7-87b3512f8cdd","path":"HOM0001.ENV0001.ENV0002.ENV0018","displayName":"inside parking","description":"موقف سيارات داخلي~A dedicated area that has been provided to park the vehicle. ","synonyms":{"ar":[{"synonymId":"03d00722-7dd9-11eb-81a6-a7727dbf64d3","synonym":"موقف سيارات داخلي"}],"en":[{"synonymId":"73ad5818-7dd6-11eb-8ccb-4398ff005bbb","synonym":"inside parking"}]},"models":["59d21f5f-0c38-11ec-9729-868b04db5d71"]},"ENV0019":{"labelId":"6e2dcc5c-fe87-11ea-96c7-83a84c87d10d","path":"HOM0001.ENV0001.ENV0003.ENV0019","displayName":"outside parking","description":"موقف سيارات خارجي~Residential single outside parking as front/back parking","synonyms":{"ar":[{"synonymId":"03e2db68-7dd9-11eb-81a6-f3c6eca079f2","synonym":"موقف سيارات خارجي"}],"en":[{"synonymId":"76acc198-7dd6-11eb-8ccb-7ff9e683b790","synonym":"outside parking"}]},"models":["59d21f5f-0c38-11ec-9729-868b04db5d71"]},"ENV0020":{"labelId":"742748b8-fe87-11ea-bb20-0bad92c0439b","path":"HOM0001.ENV0001.ENV0002.ENV0020","displayName":"car workshop","description":"ورشة سيارات~car repair workshop","synonyms":{"ar":[{"synonymId":"03cdd3f8-7dd9-11eb-81a6-3f69c603e0e5","synonym":"ورشة سيارات"}],"en":[{"synonymId":"73276f96-7dd6-11eb-8ccb-e7570f32631b","synonym":"car workshop"}]},"models":["59d21f5f-0c38-11ec-9729-868b04db5d71"]},"ENV0021":{"labelId":"7cf534dc-fe87-11ea-a2a6-a78b86b640a0","path":"HOM0001.ENV0001.ENV0002.ENV0021","displayName":"stairwell","description":"بيت الدرج~A stairwell is a compartment extending vertically through a building in which stairs are placed.","synonyms":{"ar":[{"synonymId":"03f3cfb8-7dd9-11eb-81a6-6b52187865a9","synonym":"بيت الدرج"}],"en":[{"synonymId":"7a9d3e22-7dd6-11eb-8ccb-9302a67be830","synonym":"stairwell"}]},"models":["59d21f5f-0c38-11ec-9729-868b04db5d71"]},"ENV0022":{"labelId":"81d5e6e0-fe87-11ea-bb20-efbbc05eb6af","path":"HOM0001.ENV0001.ENV0003.ENV0022","displayName":"facades","description":"واجهات خارجية~House/building/construction facade","synonyms":{"ar":[{"synonymId":"03eb12f6-7dd9-11eb-81a6-fbc27bfa2bf5","synonym":"واجهات خارجية"}],"en":[{"synonymId":"778120a0-7dd6-11eb-8ccb-97a706b98e22","synonym":"facades"}]},"models":["59d21f5f-0c38-11ec-9729-868b04db5d71"]},"ENV0023":{"labelId":"8ee6a630-fe87-11ea-b761-0f952edca5b1","path":"HOM0001.ENV0001.ENV0002.ENV0023","displayName":"showrooms","description":"معارض~Inside a showroom.","synonyms":{"ar":[{"synonymId":"03cf1ccc-7dd9-11eb-81a6-8ffa96f60986","synonym":"معارض"}],"en":[{"synonymId":"736c9eea-7dd6-11eb-8ccb-8b45ad7f2dd7","synonym":"showrooms"}]},"models":["59d21f5f-0c38-11ec-9729-868b04db5d71"]},"ENV0024":{"labelId":"97912986-fe87-11ea-b761-a7bb95305981","path":"HOM0001.ENV0001.ENV0024","displayName":"water tank","description":"خزان ماء~Home / building water reservoir/ tank / residential water tank","synonyms":{"ar":[{"synonymId":"03deed00-7dd9-11eb-81a6-23e28ab9bb1a","synonym":"خزان ماء"}],"en":[{"synonymId":"760075d2-7dd6-11eb-8ccb-6758582a2ada","synonym":"water tank"}]},"models":["59d21f5f-0c38-11ec-9729-868b04db5d71"]},"ENV0025":{"labelId":"9ec2d5e2-fe87-11ea-a589-03c328e19da1","path":"HOM0001.ENV0001.ENV0003.ENV0025","displayName":"roofs","description":"سطوح~House roofs/ Building roofs/ roof as top covering of the building. ","synonyms":{"ar":[{"synonymId":"03f1346a-7dd9-11eb-81a6-3bd2e85c1ad6","synonym":"سطوح"}],"en":[{"synonymId":"7a2acd06-7dd6-11eb-8ccb-9f1566b5d21c","synonym":"roofs"}]},"models":["59d21f5f-0c38-11ec-9729-868b04db5d71"]},"ENV0026":{"labelId":"a5ab47f4-fe87-11ea-a589-8f630488fee3","path":"HOM0001.ENV0001.ENV0003.ENV0026","displayName":"fences","description":"أسوار~house fence/Farm fence..etc","synonyms":{"ar":[{"synonymId":"03f43e76-7dd9-11eb-81a6-9f890f4ec6c6","synonym":"أسوار"}],"en":[{"synonymId":"7aace6a6-7dd6-11eb-8ccb-a776e0c28da0","synonym":"fences"}]},"models":["59d21f5f-0c38-11ec-9729-868b04db5d71"]},"ENV0027":{"labelId":"ba5c0d6e-fe87-11ea-ae9e-7fec77bf05d0","path":"HOM0001.ENV0001.ENV0003.ENV0027","displayName":"walkways","description":"ممرات~Inside walkways, security pass","synonyms":{"ar":[{"synonymId":"03f4b176-7dd9-11eb-81a6-97fb8facd5c2","synonym":"ممرات"}],"en":[{"synonymId":"7ab6e886-7dd6-11eb-8ccb-5f8d6461a700","synonym":"walkways"}]},"models":["59d21f5f-0c38-11ec-9729-868b04db5d71"]},"ENV0028":{"labelId":"c32b4176-fe87-11ea-ae9e-7bbec9739f2a","path":"HOM0001.ENV0001.ENV0003.ENV0028","displayName":"outside kids playground","description":"ملعب أطفال خارجي~Outside kid play area","synonyms":{"ar":[{"synonymId":"03ed435a-7dd9-11eb-81a6-57a27e0630ff","synonym":"ملعب أطفال خارجي"}],"en":[{"synonymId":"789f8224-7dd6-11eb-8ccb-274fd4895314","synonym":"outside kids playground"}]},"models":["59d21f5f-0c38-11ec-9729-868b04db5d71"]},"ENV0029":{"labelId":"c834c2f0-fe87-11ea-ae9e-e76ce3ce9da2","path":"HOM0001.ENV0001.ENV0002.ENV0029","displayName":"inside kids playground","description":"ملعب أطفال داخلي~Covered/inside kid play area","synonyms":{"ar":[{"synonymId":"03e56824-7dd9-11eb-81a6-73bf172cecbb","synonym":"ملعب أطفال داخلي"}],"en":[{"synonymId":"76fd7944-7dd6-11eb-8ccb-5b06a7a12a88","synonym":"inside kids playground"}]},"models":["59d21f5f-0c38-11ec-9729-868b04db5d71"]},"ENV0031":{"labelId":"d9d44c2e-fe87-11ea-942f-5b35f46b4342","path":"HOM0001.ENV0001.ENV0003.ENV0031","displayName":"swimming pool","description":"حوض سباحة~swimming pool","synonyms":{"ar":[{"synonymId":"03eb83d0-7dd9-11eb-81a6-5356baf60809","synonym":"حوض سباحة"}],"en":[{"synonymId":"7791c77a-7dd6-11eb-8ccb-1ff84a059b7e","synonym":"swimming pool"}]},"models":["59d21f5f-0c38-11ec-9729-868b04db5d71"]},"ENV0032":{"labelId":"e83a30ee-fe87-11ea-b3ab-47f9fd639a6a","path":"HOM0001.ENV0001.ENV0032","displayName":"building foundations","description":"قواعد المباني الانشائية~building basement","synonyms":{"ar":[{"synonymId":"03ec666a-7dd9-11eb-81a6-7fab416c06e3","synonym":"قواعد المباني الانشائية"}],"en":[{"synonymId":"7835043a-7dd6-11eb-8ccb-2f4dac7a3b53","synonym":"building foundations"}]},"models":["59d21f5f-0c38-11ec-9729-868b04db5d71"]},"ENV0034":{"labelId":"fba4ab32-fe87-11ea-ae9e-0f088d5779c1","path":"HOM0001.ENV0001.ENV0034","displayName":"inside window","description":"نافذة داخلية~Window from the inside","synonyms":{"ar":[{"synonymId":"03f1a274-7dd9-11eb-81a6-9f18df2ab7d4","synonym":"نافذة داخلية"}],"en":[{"synonymId":"7a4f4df2-7dd6-11eb-8ccb-6f4615f4b4c0","synonym":"inside window"}]},"models":["59d21f5f-0c38-11ec-9729-868b04db5d71"]},"ENV0035":{"labelId":"ffebb078-fe87-11ea-831f-1f166a54ba6f","path":"HOM0001.ENV0001.ENV0035","displayName":"inside door","description":"باب داخلي~Door from the inside","synonyms":{"ar":[{"synonymId":"03e34936-7dd9-11eb-81a6-c71b9aa95a84","synonym":"باب داخلي"}],"en":[{"synonymId":"76af896e-7dd6-11eb-8ccb-eb24f325ddfb","synonym":"inside door"}]},"models":["59d21f5f-0c38-11ec-9729-868b04db5d71"]},"ENV0036":{"labelId":"0434ad4c-fe88-11ea-a7a3-ef12d4990824","path":"HOM0001.ENV0001.ENV0036","displayName":"outside door","description":"باب خارجي~A doorway that allows entrance to or exit from a building.","synonyms":{"ar":[{"synonymId":"03f521e2-7dd9-11eb-81a6-5f5d7ca854fb","synonym":"باب خارجي"}],"en":[{"synonymId":"7ab8ca7a-7dd6-11eb-8ccb-4779086746ae","synonym":"outside door"}]},"models":["59d21f5f-0c38-11ec-9729-868b04db5d71"]},"ENV0037":{"labelId":"08912f5a-fe88-11ea-a7a3-53dd11f357c4","path":"HOM0001.ENV0001.ENV0037","displayName":"outside window","description":"نافذة خارجية~Windows seeing from outside","synonyms":{"ar":[{"synonymId":"03e3b1e6-7dd9-11eb-81a6-4f8d57dce9d1","synonym":"نافذة خارجية"}],"en":[{"synonymId":"76cc215a-7dd6-11eb-8ccb-8b9b5b25b229","synonym":"outside window"}]},"models":["59d21f5f-0c38-11ec-9729-868b04db5d71"]},"MAT0004":{"labelId":"39ec5670-fe78-11ea-aafb-0f409de7eb67","path":"HOM0001.MAT0001.MAT0004","displayName":"gypsum","description":"جبس~Gypsum or drywall.","synonyms":{"ar":[{"synonymId":"03daa0a6-7dd9-11eb-81a6-bbebe3a3bd29","synonym":"جبس"}],"en":[{"synonymId":"75956aee-7dd6-11eb-8ccb-37636b8afc45","synonym":"gypsum"}]},"models":["bb86c45d-0c38-11ec-a61a-a23b29691511"]},"MAT0006":{"labelId":"42af79ae-fe78-11ea-ac8c-ff2187ef3f2b","path":"HOM0001.MAT0001.MAT0006","displayName":"wood","description":"خشب~Wood used for home improvement and furniture.","synonyms":{"ar":[{"synonymId":"03d63db8-7dd9-11eb-81a6-5f2d25cc239b","synonym":"خشب"}],"en":[{"synonymId":"753df656-7dd6-11eb-8ccb-776c52b74d13","synonym":"wood"}]},"models":["bb86c45d-0c38-11ec-a61a-a23b29691511"]},"MAT0007":{"labelId":"4625f57c-fe78-11ea-8e5d-9769a62e422e","path":"HOM0001.MAT0001.MAT0007","displayName":"grc","description":"خرسانة مسلحة بالألياف الزجاجية~Glass Reinforced Concrete (GRC)","synonyms":{"ar":[{"synonymId":"03e127c8-7dd9-11eb-81a6-cfdb1f504580","synonym":"خرسانة مسلحة بالألياف الزجاجية"}],"en":[{"synonymId":"7651d350-7dd6-11eb-8ccb-efc5c0857258","synonym":"grc"}]},"models":["bb86c45d-0c38-11ec-a61a-a23b29691511"]},"MAT0010":{"labelId":"5563679a-fe78-11ea-a5f4-63570ef61ec6","path":"HOM0001.MAT0001.MAT0010","displayName":"aluminum","description":"ألمنيوم~A light silvery-gray metal.","synonyms":{"ar":[{"synonymId":"03cf8ee6-7dd9-11eb-81a6-af99617079ef","synonym":"ألمنيوم"}],"en":[{"synonymId":"19a7162e-831e-11eb-b1b8-7ed41c81635d","synonym":"aluminum"}]},"models":["bb86c45d-0c38-11ec-a61a-a23b29691511"]},"MAT0011":{"labelId":"5949a9a0-fe78-11ea-a5f4-239c7b3e51bf","path":"HOM0001.MAT0001.MAT0008.1000822.MAT0011","displayName":"corrugated sheet","description":"ألواح متعرجة~Corrugated sheet metal and is a building material.","synonyms":{"ar":[{"synonymId":"03de18da-7dd9-11eb-81a6-67f2a424133b","synonym":"ألواح متعرجة"}],"en":[{"synonymId":"75f286ca-7dd6-11eb-8ccb-c73b0f7451d6","synonym":"corrugated sheet"}]},"models":["bb86c45d-0c38-11ec-a61a-a23b29691511"]},"MAT0013":{"labelId":"52e047b2-8cf3-11eb-b442-e6c619cbd293","path":"HOM0001.ENV0001.MAT0013","displayName":"wooden object","description":"أشياء خشبية~Object made out of wood.","synonyms":{"ar":[{"synonymId":"8e2fa57c-8d9e-11eb-9966-7ed41c81635d","synonym":"أشياء خشبية"}],"en":[{"synonymId":"52e0efe2-8cf3-11eb-9bf3-e34dd3260c6b","synonym":"wooden object"}]},"models":["59d21f5f-0c38-11ec-9729-868b04db5d71"]}},"labelIcons":{"1000720":"ABN0038","1000721":"ABN0038"}}
